[
    {
        "iso_3166_1": "AD",
        "english_name": "Andorra"
    },
    {
        "iso_3166_1": "AE",
        "english_name": "United Arab Emirates"
    },
    {
        "iso_3166_1": "AF",
        "english_name": "Afghanistan"
    },
    {
        "iso_3166_1": "AG",
        "english_name": "Antigua and Barbuda"
    },
    {
        "iso_3166_1": "AI",
        "english_name": "Anguilla"
    },
    {
        "iso_3166_1": "AL",
        "english_name": "Albania"
    },
    {
        "iso_3166_1": "AM",
        "english_name": "Armenia"
    },
    {
        "iso_3166_1": "AN",
        "english_name": "Netherlands Antilles"
    },
    {
        "iso_3166_1": "AO",
        "english_name": "Angola"
    },
    {
        "iso_3166_1": "AQ",
        "english_name": "Antarctica"
    },
    {
        "iso_3166_1": "AR",
        "english_name": "Argentina"
    },
    {
        "iso_3166_1": "AS",
        "english_name": "American Samoa"
    },
    {
        "iso_3166_1": "AT",
        "english_name": "Austria"
    },
    {
        "iso_3166_1": "AU",
        "english_name": "Australia"
    },
    {
        "iso_3166_1": "AW",
        "english_name": "Aruba"
    },
    {
        "iso_3166_1": "AZ",
        "english_name": "Azerbaijan"
    },
    {
        "iso_3166_1": "BA",
        "english_name": "Bosnia and Herzegovina"
    },
    {
        "iso_3166_1": "BB",
        "english_name": "Barbados"
    },
    {
        "iso_3166_1": "BD",
        "english_name": "Bangladesh"
    },
    {
        "iso_3166_1": "BE",
        "english_name": "Belgium"
    },
    {
        "iso_3166_1": "BF",
        "english_name": "Burkina Faso"
    },
    {
        "iso_3166_1": "BG",
        "english_name": "Bulgaria"
    },
    {
        "iso_3166_1": "BH",
        "english_name": "Bahrain"
    },
    {
        "iso_3166_1": "BI",
        "english_name": "Burundi"
    },
    {
        "iso_3166_1": "BJ",
        "english_name": "Benin"
    },
    {
        "iso_3166_1": "BM",
        "english_name": "Bermuda"
    },
    {
        "iso_3166_1": "BN",
        "english_name": "Brunei Darussalam"
    },
    {
        "iso_3166_1": "BO",
        "english_name": "Bolivia"
    },
    {
        "iso_3166_1": "BR",
        "english_name": "Brazil"
    },
    {
        "iso_3166_1": "BS",
        "english_name": "Bahamas"
    },
    {
        "iso_3166_1": "BT",
        "english_name": "Bhutan"
    },
    {
        "iso_3166_1": "BV",
        "english_name": "Bouvet Island"
    },
    {
        "iso_3166_1": "BW",
        "english_name": "Botswana"
    },
    {
        "iso_3166_1": "BZ",
        "english_name": "Belize"
    },
    {
        "iso_3166_1": "BY",
        "english_name": "Belarus"
    },
    {
        "iso_3166_1": "CA",
        "english_name": "Canada"
    },
    {
        "iso_3166_1": "CC",
        "english_name": "Cocos Islands"
    },
    {
        "iso_3166_1": "CD",
        "english_name": "Congo"
    },
    {
        "iso_3166_1": "CF",
        "english_name": "Central African Republic"
    },
    {
        "iso_3166_1": "CG",
        "english_name": "Congo"
    },
    {
        "iso_3166_1": "CH",
        "english_name": "Switzerland"
    },
    {
        "iso_3166_1": "CI",
        "english_name": "Cote D'Ivoire"
    },
    {
        "iso_3166_1": "CK",
        "english_name": "Cook Islands"
    },
    {
        "iso_3166_1": "CL",
        "english_name": "Chile"
    },
    {
        "iso_3166_1": "CM",
        "english_name": "Cameroon"
    },
    {
        "iso_3166_1": "CN",
        "english_name": "China"
    },
    {
        "iso_3166_1": "CO",
        "english_name": "Colombia"
    },
    {
        "iso_3166_1": "CR",
        "english_name": "Costa Rica"
    },
    {
        "iso_3166_1": "CS",
        "english_name": "Serbia and Montenegro"
    },
    {
        "iso_3166_1": "CU",
        "english_name": "Cuba"
    },
    {
        "iso_3166_1": "CV",
        "english_name": "Cape Verde"
    },
    {
        "iso_3166_1": "CX",
        "english_name": "Christmas Island"
    },
    {
        "iso_3166_1": "CY",
        "english_name": "Cyprus"
    },
    {
        "iso_3166_1": "CZ",
        "english_name": "Czech Republic"
    },
    {
        "iso_3166_1": "DE",
        "english_name": "Germany"
    },
    {
        "iso_3166_1": "DJ",
        "english_name": "Djibouti"
    },
    {
        "iso_3166_1": "DK",
        "english_name": "Denmark"
    },
    {
        "iso_3166_1": "DM",
        "english_name": "Dominica"
    },
    {
        "iso_3166_1": "DO",
        "english_name": "Dominican Republic"
    },
    {
        "iso_3166_1": "DZ",
        "english_name": "Algeria"
    },
    {
        "iso_3166_1": "EC",
        "english_name": "Ecuador"
    },
    {
        "iso_3166_1": "EE",
        "english_name": "Estonia"
    },
    {
        "iso_3166_1": "EG",
        "english_name": "Egypt"
    },
    {
        "iso_3166_1": "EH",
        "english_name": "Western Sahara"
    },
    {
        "iso_3166_1": "ER",
        "english_name": "Eritrea"
    },
    {
        "iso_3166_1": "ES",
        "english_name": "Spain"
    },
    {
        "iso_3166_1": "ET",
        "english_name": "Ethiopia"
    },
    {
        "iso_3166_1": "FI",
        "english_name": "Finland"
    },
    {
        "iso_3166_1": "FJ",
        "english_name": "Fiji"
    },
    {
        "iso_3166_1": "FK",
        "english_name": "Falkland Islands"
    },
    {
        "iso_3166_1": "RS",
        "english_name": "Serbia"
    },
    {
        "iso_3166_1": "FM",
        "english_name": "Micronesia"
    },
    {
        "iso_3166_1": "FO",
        "english_name": "Faeroe Islands"
    },
    {
        "iso_3166_1": "FR",
        "english_name": "France"
    },
    {
        "iso_3166_1": "GA",
        "english_name": "Gabon"
    },
    {
        "iso_3166_1": "GB",
        "english_name": "United Kingdom"
    },
    {
        "iso_3166_1": "GD",
        "english_name": "Grenada"
    },
    {
        "iso_3166_1": "GE",
        "english_name": "Georgia"
    },
    {
        "iso_3166_1": "GF",
        "english_name": "French Guiana"
    },
    {
        "iso_3166_1": "GH",
        "english_name": "Ghana"
    },
    {
        "iso_3166_1": "GI",
        "english_name": "Gibraltar"
    },
    {
        "iso_3166_1": "GL",
        "english_name": "Greenland"
    },
    {
        "iso_3166_1": "GM",
        "english_name": "Gambia"
    },
    {
        "iso_3166_1": "GN",
        "english_name": "Guinea"
    },
    {
        "iso_3166_1": "GP",
        "english_name": "Guadaloupe"
    },
    {
        "iso_3166_1": "GQ",
        "english_name": "Equatorial Guinea"
    },
    {
        "iso_3166_1": "GR",
        "english_name": "Greece"
    },
    {
        "iso_3166_1": "GS",
        "english_name": "South Georgia and the South Sandwich Islands"
    },
    {
        "iso_3166_1": "GT",
        "english_name": "Guatemala"
    },
    {
        "iso_3166_1": "GU",
        "english_name": "Guam"
    },
    {
        "iso_3166_1": "GW",
        "english_name": "Guinea-Bissau"
    },
    {
        "iso_3166_1": "GY",
        "english_name": "Guyana"
    },
    {
        "iso_3166_1": "HK",
        "english_name": "Hong Kong"
    },
    {
        "iso_3166_1": "HM",
        "english_name": "Heard and McDonald Islands"
    },
    {
        "iso_3166_1": "HN",
        "english_name": "Honduras"
    },
    {
        "iso_3166_1": "HR",
        "english_name": "Croatia"
    },
    {
        "iso_3166_1": "HT",
        "english_name": "Haiti"
    },
    {
        "iso_3166_1": "HU",
        "english_name": "Hungary"
    },
    {
        "iso_3166_1": "ID",
        "english_name": "Indonesia"
    },
    {
        "iso_3166_1": "IE",
        "english_name": "Ireland"
    },
    {
        "iso_3166_1": "IL",
        "english_name": "Israel"
    },
    {
        "iso_3166_1": "IN",
        "english_name": "India"
    },
    {
        "iso_3166_1": "IO",
        "english_name": "British Indian Ocean Territory"
    },
    {
        "iso_3166_1": "IQ",
        "english_name": "Iraq"
    },
    {
        "iso_3166_1": "IR",
        "english_name": "Iran"
    },
    {
        "iso_3166_1": "IS",
        "english_name": "Iceland"
    },
    {
        "iso_3166_1": "IT",
        "english_name": "Italy"
    },
    {
        "iso_3166_1": "JM",
        "english_name": "Jamaica"
    },
    {
        "iso_3166_1": "JO",
        "english_name": "Jordan"
    },
    {
        "iso_3166_1": "JP",
        "english_name": "Japan"
    },
    {
        "iso_3166_1": "KE",
        "english_name": "Kenya"
    },
    {
        "iso_3166_1": "KG",
        "english_name": "Kyrgyz Republic"
    },
    {
        "iso_3166_1": "KH",
        "english_name": "Cambodia"
    },
    {
        "iso_3166_1": "KI",
        "english_name": "Kiribati"
    },
    {
        "iso_3166_1": "KM",
        "english_name": "Comoros"
    },
    {
        "iso_3166_1": "KN",
        "english_name": "St. Kitts and Nevis"
    },
    {
        "iso_3166_1": "KP",
        "english_name": "North Korea"
    },
    {
        "iso_3166_1": "KW",
        "english_name": "Kuwait"
    },
    {
        "iso_3166_1": "KY",
        "english_name": "Cayman Islands"
    },
    {
        "iso_3166_1": "KZ",
        "english_name": "Kazakhstan"
    },
    {
        "iso_3166_1": "LA",
        "english_name": "Lao People's Democratic Republic"
    },
    {
        "iso_3166_1": "LB",
        "english_name": "Lebanon"
    },
    {
        "iso_3166_1": "LC",
        "english_name": "St. Lucia"
    },
    {
        "iso_3166_1": "LI",
        "english_name": "Liechtenstein"
    },
    {
        "iso_3166_1": "LK",
        "english_name": "Sri Lanka"
    },
    {
        "iso_3166_1": "LR",
        "english_name": "Liberia"
    },
    {
        "iso_3166_1": "LS",
        "english_name": "Lesotho"
    },
    {
        "iso_3166_1": "LT",
        "english_name": "Lithuania"
    },
    {
        "iso_3166_1": "LU",
        "english_name": "Luxembourg"
    },
    {
        "iso_3166_1": "LV",
        "english_name": "Latvia"
    },
    {
        "iso_3166_1": "LY",
        "english_name": "Libyan Arab Jamahiriya"
    },
    {
        "iso_3166_1": "MA",
        "english_name": "Morocco"
    },
    {
        "iso_3166_1": "MC",
        "english_name": "Monaco"
    },
    {
        "iso_3166_1": "MD",
        "english_name": "Moldova"
    },
    {
        "iso_3166_1": "MG",
        "english_name": "Madagascar"
    },
    {
        "iso_3166_1": "MH",
        "english_name": "Marshall Islands"
    },
    {
        "iso_3166_1": "MK",
        "english_name": "Macedonia"
    },
    {
        "iso_3166_1": "ML",
        "english_name": "Mali"
    },
    {
        "iso_3166_1": "MM",
        "english_name": "Myanmar"
    },
    {
        "iso_3166_1": "MN",
        "english_name": "Mongolia"
    },
    {
        "iso_3166_1": "MO",
        "english_name": "Macao"
    },
    {
        "iso_3166_1": "MP",
        "english_name": "Northern Mariana Islands"
    },
    {
        "iso_3166_1": "MQ",
        "english_name": "Martinique"
    },
    {
        "iso_3166_1": "MR",
        "english_name": "Mauritania"
    },
    {
        "iso_3166_1": "MS",
        "english_name": "Montserrat"
    },
    {
        "iso_3166_1": "MT",
        "english_name": "Malta"
    },
    {
        "iso_3166_1": "MU",
        "english_name": "Mauritius"
    },
    {
        "iso_3166_1": "MV",
        "english_name": "Maldives"
    },
    {
        "iso_3166_1": "MW",
        "english_name": "Malawi"
    },
    {
        "iso_3166_1": "MX",
        "english_name": "Mexico"
    },
    {
        "iso_3166_1": "MY",
        "english_name": "Malaysia"
    },
    {
        "iso_3166_1": "MZ",
        "english_name": "Mozambique"
    },
    {
        "iso_3166_1": "NA",
        "english_name": "Namibia"
    },
    {
        "iso_3166_1": "NC",
        "english_name": "New Caledonia"
    },
    {
        "iso_3166_1": "NE",
        "english_name": "Niger"
    },
    {
        "iso_3166_1": "NF",
        "english_name": "Norfolk Island"
    },
    {
        "iso_3166_1": "NG",
        "english_name": "Nigeria"
    },
    {
        "iso_3166_1": "ME",
        "english_name": "Montenegro"
    },
    {
        "iso_3166_1": "NI",
        "english_name": "Nicaragua"
    },
    {
        "iso_3166_1": "NL",
        "english_name": "Netherlands"
    },
    {
        "iso_3166_1": "NO",
        "english_name": "Norway"
    },
    {
        "iso_3166_1": "NP",
        "english_name": "Nepal"
    },
    {
        "iso_3166_1": "NR",
        "english_name": "Nauru"
    },
    {
        "iso_3166_1": "NU",
        "english_name": "Niue"
    },
    {
        "iso_3166_1": "NZ",
        "english_name": "New Zealand"
    },
    {
        "iso_3166_1": "OM",
        "english_name": "Oman"
    },
    {
        "iso_3166_1": "PA",
        "english_name": "Panama"
    },
    {
        "iso_3166_1": "PE",
        "english_name": "Peru"
    },
    {
        "iso_3166_1": "PF",
        "english_name": "French Polynesia"
    },
    {
        "iso_3166_1": "PG",
        "english_name": "Papua New Guinea"
    },
    {
        "iso_3166_1": "PH",
        "english_name": "Philippines"
    },
    {
        "iso_3166_1": "YU",
        "english_name": "Yugoslavia"
    },
    {
        "iso_3166_1": "XK",
        "english_name": "Kosovo"
    },
    {
        "iso_3166_1": "XC",
        "english_name": "Czechoslovakia"
    },
    {
        "iso_3166_1": "PK",
        "english_name": "Pakistan"
    },
    {
        "iso_3166_1": "PL",
        "english_name": "Poland"
    },
    {
        "iso_3166_1": "PM",
        "english_name": "St. Pierre and Miquelon"
    },
    {
        "iso_3166_1": "PN",
        "english_name": "Pitcairn Island"
    },
    {
        "iso_3166_1": "PR",
        "english_name": "Puerto Rico"
    },
    {
        "iso_3166_1": "PS",
        "english_name": "Palestinian Territory"
    },
    {
        "iso_3166_1": "PT",
        "english_name": "Portugal"
    },
    {
        "iso_3166_1": "PW",
        "english_name": "Palau"
    },
    {
        "iso_3166_1": "PY",
        "english_name": "Paraguay"
    },
    {
        "iso_3166_1": "QA",
        "english_name": "Qatar"
    },
    {
        "iso_3166_1": "RE",
        "english_name": "Reunion"
    },
    {
        "iso_3166_1": "RO",
        "english_name": "Romania"
    },
    {
        "iso_3166_1": "RU",
        "english_name": "Russia"
    },
    {
        "iso_3166_1": "RW",
        "english_name": "Rwanda"
    },
    {
        "iso_3166_1": "SA",
        "english_name": "Saudi Arabia"
    },
    {
        "iso_3166_1": "SB",
        "english_name": "Solomon Islands"
    },
    {
        "iso_3166_1": "SC",
        "english_name": "Seychelles"
    },
    {
        "iso_3166_1": "SD",
        "english_name": "Sudan"
    },
    {
        "iso_3166_1": "SE",
        "english_name": "Sweden"
    },
    {
        "iso_3166_1": "SG",
        "english_name": "Singapore"
    },
    {
        "iso_3166_1": "SH",
        "english_name": "St. Helena"
    },
    {
        "iso_3166_1": "SI",
        "english_name": "Slovenia"
    },
    {
        "iso_3166_1": "SJ",
        "english_name": "Svalbard & Jan Mayen Islands"
    },
    {
        "iso_3166_1": "SK",
        "english_name": "Slovakia"
    },
    {
        "iso_3166_1": "SL",
        "english_name": "Sierra Leone"
    },
    {
        "iso_3166_1": "SM",
        "english_name": "San Marino"
    },
    {
        "iso_3166_1": "SN",
        "english_name": "Senegal"
    },
    {
        "iso_3166_1": "SO",
        "english_name": "Somalia"
    },
    {
        "iso_3166_1": "SR",
        "english_name": "Suriname"
    },
    {
        "iso_3166_1": "ST",
        "english_name": "Sao Tome and Principe"
    },
    {
        "iso_3166_1": "SV",
        "english_name": "El Salvador"
    },
    {
        "iso_3166_1": "SY",
        "english_name": "Syrian Arab Republic"
    },
    {
        "iso_3166_1": "SZ",
        "english_name": "Swaziland"
    },
    {
        "iso_3166_1": "TC",
        "english_name": "Turks and Caicos Islands"
    },
    {
        "iso_3166_1": "TD",
        "english_name": "Chad"
    },
    {
        "iso_3166_1": "TF",
        "english_name": "French Southern Territories"
    },
    {
        "iso_3166_1": "TG",
        "english_name": "Togo"
    },
    {
        "iso_3166_1": "TH",
        "english_name": "Thailand"
    },
    {
        "iso_3166_1": "TJ",
        "english_name": "Tajikistan"
    },
    {
        "iso_3166_1": "TK",
        "english_name": "Tokelau"
    },
    {
        "iso_3166_1": "TL",
        "english_name": "Timor-Leste"
    },
    {
        "iso_3166_1": "TM",
        "english_name": "Turkmenistan"
    },
    {
        "iso_3166_1": "TN",
        "english_name": "Tunisia"
    },
    {
        "iso_3166_1": "TO",
        "english_name": "Tonga"
    },
    {
        "iso_3166_1": "TR",
        "english_name": "Turkey"
    },
    {
        "iso_3166_1": "TT",
        "english_name": "Trinidad and Tobago"
    },
    {
        "iso_3166_1": "TV",
        "english_name": "Tuvalu"
    },
    {
        "iso_3166_1": "TW",
        "english_name": "Taiwan"
    },
    {
        "iso_3166_1": "TZ",
        "english_name": "Tanzania"
    },
    {
        "iso_3166_1": "UA",
        "english_name": "Ukraine"
    },
    {
        "iso_3166_1": "UG",
        "english_name": "Uganda"
    },
    {
        "iso_3166_1": "UM",
        "english_name": "United States Minor Outlying Islands"
    },
    {
        "iso_3166_1": "US",
        "english_name": "United States of America"
    },
    {
        "iso_3166_1": "UY",
        "english_name": "Uruguay"
    },
    {
        "iso_3166_1": "UZ",
        "english_name": "Uzbekistan"
    },
    {
        "iso_3166_1": "VA",
        "english_name": "Holy See"
    },
    {
        "iso_3166_1": "VC",
        "english_name": "St. Vincent and the Grenadines"
    },
    {
        "iso_3166_1": "VE",
        "english_name": "Venezuela"
    },
    {
        "iso_3166_1": "VG",
        "english_name": "British Virgin Islands"
    },
    {
        "iso_3166_1": "VI",
        "english_name": "US Virgin Islands"
    },
    {
        "iso_3166_1": "VN",
        "english_name": "Vietnam"
    },
    {
        "iso_3166_1": "VU",
        "english_name": "Vanuatu"
    },
    {
        "iso_3166_1": "WF",
        "english_name": "Wallis and Futuna Islands"
    },
    {
        "iso_3166_1": "WS",
        "english_name": "Samoa"
    },
    {
        "iso_3166_1": "YE",
        "english_name": "Yemen"
    },
    {
        "iso_3166_1": "YT",
        "english_name": "Mayotte"
    },
    {
        "iso_3166_1": "ZA",
        "english_name": "South Africa"
    },
    {
        "iso_3166_1": "ZM",
        "english_name": "Zambia"
    },
    {
        "iso_3166_1": "ZW",
        "english_name": "Zimbabwe"
    },
    {
        "iso_3166_1": "KR",
        "english_name": "South Korea"
    },
    {
        "iso_3166_1": "XG",
        "english_name": "East Germany"
    },
    {
        "iso_3166_1": "SU",
        "english_name": "Soviet Union"
    },
    {
        "iso_3166_1": "SS",
        "english_name": "South Sudan"
    }
]
